Project ID,Project Name,Start Date,End Date,Status,Budget ($),Team Members,Tasks Completed,Total Tasks,Completion %
1001,Project 1,2023-01-01,2023-06-01,On Hold,106139,12,60,108,55.56
1002,Project 2,2023-01-02,2023-06-02,Not Started,51518,5,75,67,111.94
1003,Project 3,2023-01-03,2023-06-03,On Hold,175701,30,61,92,66.3
1004,Project 4,2023-01-04,2023-06-04,In Progress,180436,12,52,63,82.54
1005,Project 5,2023-01-05,2023-06-05,Not Started,84733,7,44,119,36.97
1006,Project 6,2023-01-06,2023-06-06,In Progress,165352,20,30,118,25.42
1007,Project 7,2023-01-07,2023-06-07,In Progress,106505,15,4,114,3.51
1008,Project 8,2023-01-08,2023-06-08,In Progress,131102,24,36,60,60.0
1009,Project 9,2023-01-09,2023-06-09,Not Started,150847,28,33,119,27.73
1010,Project 10,2023-01-10,2023-06-10,Completed,125278,9,78,103,75.73
1011,Project 11,2023-01-11,2023-06-11,Completed,54830,9,96,89,107.87
1012,Project 12,2023-01-12,2023-06-12,Not Started,150111,12,59,82,71.95
1013,Project 13,2023-01-13,2023-06-13,Completed,164950,22,8,56,14.29
1014,Project 14,2023-01-14,2023-06-14,On Hold,51399,9,21,92,22.83
1015,Project 15,2023-01-15,2023-06-15,Completed,139401,14,67,56,119.64
1016,Project 16,2023-01-16,2023-06-16,Not Started,105308,22,59,115,51.3
1017,Project 17,2023-01-17,2023-06-17,In Progress,181737,18,44,111,39.64
1018,Project 18,2023-01-18,2023-06-18,Completed,40691,6,46,64,71.88
1019,Project 19,2023-01-19,2023-06-19,In Progress,110155,21,65,114,57.02
1020,Project 20,2023-01-20,2023-06-20,On Hold,120312,19,79,98,80.61
1021,Project 21,2023-01-21,2023-06-21,Not Started,23928,5,39,117,33.33
1022,Project 22,2023-01-22,2023-06-22,On Hold,104133,13,79,115,68.7
1023,Project 23,2023-01-23,2023-06-23,In Progress,21121,26,22,97,22.68
1024,Project 24,2023-01-24,2023-06-24,On Hold,40993,16,34,96,35.42
1025,Project 25,2023-01-25,2023-06-25,On Hold,95752,9,62,107,57.94
1026,Project 26,2023-01-26,2023-06-26,Not Started,62358,19,85,64,132.81
1027,Project 27,2023-01-27,2023-06-27,In Progress,170732,9,33,76,43.42
1028,Project 28,2023-01-28,2023-06-28,On Hold,195015,11,66,89,74.16
1029,Project 29,2023-01-29,2023-06-29,On Hold,146221,11,40,117,34.19
1030,Project 30,2023-01-30,2023-06-30,On Hold,35943,6,45,120,37.5
1031,Project 31,2023-01-31,2023-07-01,Not Started,110128,16,23,70,32.86
1032,Project 32,2023-02-01,2023-07-02,Completed,37145,22,8,84,9.52
1033,Project 33,2023-02-02,2023-07-03,In Progress,82244,15,96,76,126.32
1034,Project 34,2023-02-03,2023-07-04,In Progress,68734,26,15,109,13.76
1035,Project 35,2023-02-04,2023-07-05,Completed,113569,9,88,54,162.96
1036,Project 36,2023-02-05,2023-07-06,Completed,51746,29,82,108,75.93
1037,Project 37,2023-02-06,2023-07-07,In Progress,49955,29,60,92,65.22
1038,Project 38,2023-02-07,2023-07-08,In Progress,147634,16,92,78,117.95
1039,Project 39,2023-02-08,2023-07-09,On Hold,27940,21,65,57,114.04
1040,Project 40,2023-02-09,2023-07-10,On Hold,72356,16,39,87,44.83
1041,Project 41,2023-02-10,2023-07-11,Completed,129539,24,83,75,110.67
1042,Project 42,2023-02-11,2023-07-12,In Progress,170182,15,96,81,118.52
1043,Project 43,2023-02-12,2023-07-13,On Hold,83367,30,46,66,69.7
1044,Project 44,2023-02-13,2023-07-14,On Hold,118979,11,34,74,45.95
1045,Project 45,2023-02-14,2023-07-15,On Hold,190954,18,98,96,102.08
1046,Project 46,2023-02-15,2023-07-16,Not Started,169037,27,45,52,86.54
1047,Project 47,2023-02-16,2023-07-17,Not Started,43564,9,5,116,4.31
1048,Project 48,2023-02-17,2023-07-18,On Hold,65518,5,37,97,38.14
1049,Project 49,2023-02-18,2023-07-19,In Progress,70058,17,31,70,44.29
1050,Project 50,2023-02-19,2023-07-20,On Hold,44952,13,49,75,65.33
1051,Project 51,2023-02-20,2023-07-21,In Progress,157193,7,34,73,46.58
1052,Project 52,2023-02-21,2023-07-22,Completed,115492,20,96,64,150.0
1053,Project 53,2023-02-22,2023-07-23,Not Started,84501,7,18,99,18.18
1054,Project 54,2023-02-23,2023-07-24,On Hold,26739,21,32,108,29.63
1055,Project 55,2023-02-24,2023-07-25,In Progress,91261,6,62,92,67.39
1056,Project 56,2023-02-25,2023-07-26,Not Started,86913,16,99,116,85.34
1057,Project 57,2023-02-26,2023-07-27,In Progress,90762,17,52,59,88.14
1058,Project 58,2023-02-27,2023-07-28,In Progress,178847,15,52,54,96.3
1059,Project 59,2023-02-28,2023-07-29,Not Started,95738,11,81,50,162.0
1060,Project 60,2023-03-01,2023-07-30,On Hold,119447,5,22,54,40.74
1061,Project 61,2023-03-02,2023-07-31,In Progress,80717,29,14,108,12.96
1062,Project 62,2023-03-03,2023-08-01,In Progress,45237,17,89,58,153.45
1063,Project 63,2023-03-04,2023-08-02,In Progress,128436,24,93,72,129.17
1064,Project 64,2023-03-05,2023-08-03,On Hold,43654,23,38,88,43.18
1065,Project 65,2023-03-06,2023-08-04,In Progress,55763,20,12,76,15.79
1066,Project 66,2023-03-07,2023-08-05,Not Started,24046,16,80,80,100.0
1067,Project 67,2023-03-08,2023-08-06,Not Started,148476,10,83,95,87.37
1068,Project 68,2023-03-09,2023-08-07,Not Started,102451,23,15,57,26.32
1069,Project 69,2023-03-10,2023-08-08,In Progress,32678,10,68,100,68.0
1070,Project 70,2023-03-11,2023-08-09,Not Started,113930,26,13,113,11.5
1071,Project 71,2023-03-12,2023-08-10,Not Started,172819,10,44,67,65.67
1072,Project 72,2023-03-13,2023-08-11,Not Started,56355,19,32,105,30.48
1073,Project 73,2023-03-14,2023-08-12,In Progress,107802,18,14,90,15.56
1074,Project 74,2023-03-15,2023-08-13,Not Started,84351,26,87,63,138.1
1075,Project 75,2023-03-16,2023-08-14,Not Started,133900,20,13,86,15.12
1076,Project 76,2023-03-17,2023-08-15,Completed,122880,14,52,101,51.49
1077,Project 77,2023-03-18,2023-08-16,In Progress,112925,28,84,87,96.55
1078,Project 78,2023-03-19,2023-08-17,In Progress,81404,5,29,55,52.73
1079,Project 79,2023-03-20,2023-08-18,In Progress,199314,12,21,92,22.83
1080,Project 80,2023-03-21,2023-08-19,In Progress,59794,8,44,73,60.27
1081,Project 81,2023-03-22,2023-08-20,Not Started,90479,15,84,55,152.73
1082,Project 82,2023-03-23,2023-08-21,On Hold,49799,24,57,89,64.04
1083,Project 83,2023-03-24,2023-08-22,On Hold,24130,6,38,119,31.93
1084,Project 84,2023-03-25,2023-08-23,Not Started,163768,23,16,98,16.33
1085,Project 85,2023-03-26,2023-08-24,Completed,179220,20,44,53,83.02
1086,Project 86,2023-03-27,2023-08-25,Completed,188971,10,60,80,75.0
1087,Project 87,2023-03-28,2023-08-26,On Hold,20182,9,9,96,9.38
1088,Project 88,2023-03-29,2023-08-27,On Hold,165500,11,10,120,8.33
1089,Project 89,2023-03-30,2023-08-28,In Progress,158909,16,19,97,19.59
1090,Project 90,2023-03-31,2023-08-29,Not Started,134109,18,31,104,29.81
1091,Project 91,2023-04-01,2023-08-30,Not Started,66354,28,70,117,59.83
1092,Project 92,2023-04-02,2023-08-31,On Hold,66666,26,1,58,1.72
1093,Project 93,2023-04-03,2023-09-01,Not Started,133542,26,56,76,73.68
1094,Project 94,2023-04-04,2023-09-02,Not Started,82154,15,5,99,5.05
1095,Project 95,2023-04-05,2023-09-03,Not Started,45677,9,23,106,21.7
1096,Project 96,2023-04-06,2023-09-04,In Progress,82746,17,33,81,40.74
1097,Project 97,2023-04-07,2023-09-05,Completed,138601,26,71,97,73.2
1098,Project 98,2023-04-08,2023-09-06,In Progress,103489,20,41,117,35.04
1099,Project 99,2023-04-09,2023-09-07,Not Started,191786,9,67,95,70.53
1100,Project 100,2023-04-10,2023-09-08,In Progress,43751,10,77,92,83.7
1101,Project 101,2023-04-11,2023-09-09,Completed,198848,19,0,98,0.0
1102,Project 102,2023-04-12,2023-09-10,In Progress,29047,21,37,73,50.68
1103,Project 103,2023-04-13,2023-09-11,Completed,182178,21,24,100,24.0
1104,Project 104,2023-04-14,2023-09-12,Not Started,172822,8,34,115,29.57
1105,Project 105,2023-04-15,2023-09-13,On Hold,184965,17,84,80,105.0
1106,Project 106,2023-04-16,2023-09-14,Completed,23282,18,53,70,75.71
1107,Project 107,2023-04-17,2023-09-15,Not Started,110838,7,26,88,29.55
1108,Project 108,2023-04-18,2023-09-16,On Hold,55651,30,16,57,28.07
1109,Project 109,2023-04-19,2023-09-17,In Progress,27435,30,100,64,156.25
1110,Project 110,2023-04-20,2023-09-18,On Hold,117307,19,34,104,32.69
1111,Project 111,2023-04-21,2023-09-19,On Hold,42329,24,64,120,53.33
1112,Project 112,2023-04-22,2023-09-20,On Hold,66895,21,44,66,66.67
1113,Project 113,2023-04-23,2023-09-21,Not Started,174925,11,90,57,157.89
1114,Project 114,2023-04-24,2023-09-22,On Hold,39047,30,16,60,26.67
1115,Project 115,2023-04-25,2023-09-23,In Progress,113663,10,35,105,33.33
1116,Project 116,2023-04-26,2023-09-24,Completed,141588,5,6,58,10.34
1117,Project 117,2023-04-27,2023-09-25,On Hold,146449,28,75,80,93.75
1118,Project 118,2023-04-28,2023-09-26,In Progress,103213,29,43,93,46.24
1119,Project 119,2023-04-29,2023-09-27,Completed,182576,16,100,104,96.15
1120,Project 120,2023-04-30,2023-09-28,On Hold,195541,20,48,86,55.81
1121,Project 121,2023-05-01,2023-09-29,In Progress,104963,21,36,110,32.73
1122,Project 122,2023-05-02,2023-09-30,Not Started,80854,25,6,102,5.88
1123,Project 123,2023-05-03,2023-10-01,In Progress,156233,30,21,97,21.65
1124,Project 124,2023-05-04,2023-10-02,On Hold,187434,26,42,105,40.0
1125,Project 125,2023-05-05,2023-10-03,On Hold,93880,23,85,112,75.89
1126,Project 126,2023-05-06,2023-10-04,Completed,161608,16,44,71,61.97
1127,Project 127,2023-05-07,2023-10-05,In Progress,95494,10,39,62,62.9
1128,Project 128,2023-05-08,2023-10-06,On Hold,66763,12,70,74,94.59
1129,Project 129,2023-05-09,2023-10-07,Not Started,109561,27,50,115,43.48
1130,Project 130,2023-05-10,2023-10-08,Completed,63285,16,93,64,145.31
1131,Project 131,2023-05-11,2023-10-09,Not Started,97808,18,46,68,67.65
1132,Project 132,2023-05-12,2023-10-10,In Progress,108246,18,92,78,117.95
1133,Project 133,2023-05-13,2023-10-11,In Progress,191628,14,18,74,24.32
1134,Project 134,2023-05-14,2023-10-12,On Hold,78128,30,96,53,181.13
1135,Project 135,2023-05-15,2023-10-13,Not Started,36770,13,39,100,39.0
1136,Project 136,2023-05-16,2023-10-14,On Hold,26898,9,87,88,98.86
1137,Project 137,2023-05-17,2023-10-15,On Hold,34319,12,85,77,110.39
1138,Project 138,2023-05-18,2023-10-16,In Progress,166181,9,1,100,1.0
1139,Project 139,2023-05-19,2023-10-17,In Progress,154383,27,65,98,66.33
1140,Project 140,2023-05-20,2023-10-18,Not Started,135313,28,34,72,47.22
1141,Project 141,2023-05-21,2023-10-19,In Progress,33668,5,29,70,41.43
1142,Project 142,2023-05-22,2023-10-20,On Hold,113190,7,48,50,96.0
1143,Project 143,2023-05-23,2023-10-21,On Hold,44321,18,58,55,105.45
1144,Project 144,2023-05-24,2023-10-22,On Hold,44055,7,97,89,108.99
1145,Project 145,2023-05-25,2023-10-23,In Progress,161107,11,53,70,75.71
1146,Project 146,2023-05-26,2023-10-24,Not Started,67559,22,92,107,85.98
1147,Project 147,2023-05-27,2023-10-25,On Hold,51767,15,28,91,30.77
1148,Project 148,2023-05-28,2023-10-26,On Hold,165543,7,51,52,98.08
1149,Project 149,2023-05-29,2023-10-27,On Hold,126476,29,9,77,11.69
1150,Project 150,2023-05-30,2023-10-28,On Hold,188920,21,25,66,37.88
1151,Project 151,2023-05-31,2023-10-29,In Progress,83511,17,0,72,0.0
1152,Project 152,2023-06-01,2023-10-30,On Hold,33316,24,57,55,103.64
1153,Project 153,2023-06-02,2023-10-31,On Hold,34431,5,34,51,66.67
1154,Project 154,2023-06-03,2023-11-01,In Progress,137201,14,71,63,112.7
1155,Project 155,2023-06-04,2023-11-02,On Hold,126065,23,54,66,81.82
1156,Project 156,2023-06-05,2023-11-03,Not Started,53848,13,34,88,38.64
1157,Project 157,2023-06-06,2023-11-04,On Hold,169815,29,56,67,83.58
1158,Project 158,2023-06-07,2023-11-05,Completed,180798,10,38,119,31.93
1159,Project 159,2023-06-08,2023-11-06,In Progress,177656,19,64,95,67.37
1160,Project 160,2023-06-09,2023-11-07,Completed,41174,18,76,73,104.11
1161,Project 161,2023-06-10,2023-11-08,Not Started,162298,13,32,91,35.16
1162,Project 162,2023-06-11,2023-11-09,Completed,143823,29,46,55,83.64
1163,Project 163,2023-06-12,2023-11-10,In Progress,44565,19,35,85,41.18
1164,Project 164,2023-06-13,2023-11-11,In Progress,30098,8,78,120,65.0
1165,Project 165,2023-06-14,2023-11-12,Completed,171340,18,41,70,58.57
1166,Project 166,2023-06-15,2023-11-13,In Progress,145486,29,49,98,50.0
1167,Project 167,2023-06-16,2023-11-14,Not Started,113064,30,18,88,20.45
1168,Project 168,2023-06-17,2023-11-15,Completed,188466,19,79,58,136.21
1169,Project 169,2023-06-18,2023-11-16,Completed,55003,11,4,82,4.88
1170,Project 170,2023-06-19,2023-11-17,On Hold,141424,10,83,80,103.75
1171,Project 171,2023-06-20,2023-11-18,In Progress,53650,27,77,56,137.5
1172,Project 172,2023-06-21,2023-11-19,In Progress,27223,20,35,77,45.45
1173,Project 173,2023-06-22,2023-11-20,In Progress,102267,15,80,53,150.94
1174,Project 174,2023-06-23,2023-11-21,Not Started,182479,5,28,82,34.15
1175,Project 175,2023-06-24,2023-11-22,Completed,82216,15,24,62,38.71
1176,Project 176,2023-06-25,2023-11-23,Completed,62765,16,66,71,92.96
1177,Project 177,2023-06-26,2023-11-24,In Progress,56535,12,94,103,91.26
1178,Project 178,2023-06-27,2023-11-25,On Hold,38418,7,2,115,1.74
1179,Project 179,2023-06-28,2023-11-26,Completed,164963,15,91,84,108.33
1180,Project 180,2023-06-29,2023-11-27,Not Started,92006,13,40,84,47.62
1181,Project 181,2023-06-30,2023-11-28,Not Started,78050,10,35,93,37.63
1182,Project 182,2023-07-01,2023-11-29,Completed,66680,21,83,104,79.81
1183,Project 183,2023-07-02,2023-11-30,On Hold,167264,6,22,112,19.64
1184,Project 184,2023-07-03,2023-12-01,On Hold,116452,13,81,111,72.97
1185,Project 185,2023-07-04,2023-12-02,In Progress,183449,14,88,117,75.21
1186,Project 186,2023-07-05,2023-12-03,Completed,193514,8,30,88,34.09
1187,Project 187,2023-07-06,2023-12-04,In Progress,164290,8,82,55,149.09
1188,Project 188,2023-07-07,2023-12-05,In Progress,187865,6,49,106,46.23
1189,Project 189,2023-07-08,2023-12-06,On Hold,40562,25,47,71,66.2
1190,Project 190,2023-07-09,2023-12-07,On Hold,197560,6,0,95,0.0
1191,Project 191,2023-07-10,2023-12-08,Completed,94214,28,59,55,107.27
1192,Project 192,2023-07-11,2023-12-09,On Hold,100919,21,24,103,23.3
1193,Project 193,2023-07-12,2023-12-10,Completed,51512,23,36,97,37.11
1194,Project 194,2023-07-13,2023-12-11,Completed,37078,21,29,95,30.53
1195,Project 195,2023-07-14,2023-12-12,On Hold,56245,14,98,85,115.29
1196,Project 196,2023-07-15,2023-12-13,Completed,117798,27,53,94,56.38
1197,Project 197,2023-07-16,2023-12-14,Not Started,76147,29,25,109,22.94
1198,Project 198,2023-07-17,2023-12-15,On Hold,198802,25,57,99,57.58
1199,Project 199,2023-07-18,2023-12-16,In Progress,155203,23,12,54,22.22
1200,Project 200,2023-07-19,2023-12-17,Completed,68695,25,90,72,125.0
1201,Project 201,2023-07-20,2023-12-18,On Hold,53342,17,42,52,80.77
1202,Project 202,2023-07-21,2023-12-19,In Progress,55595,17,47,95,49.47
1203,Project 203,2023-07-22,2023-12-20,In Progress,189377,13,98,110,89.09
1204,Project 204,2023-07-23,2023-12-21,In Progress,72304,14,48,115,41.74
1205,Project 205,2023-07-24,2023-12-22,Not Started,87836,12,71,73,97.26
1206,Project 206,2023-07-25,2023-12-23,Completed,84368,30,46,54,85.19
1207,Project 207,2023-07-26,2023-12-24,In Progress,56328,22,24,84,28.57
1208,Project 208,2023-07-27,2023-12-25,On Hold,36172,23,38,68,55.88
1209,Project 209,2023-07-28,2023-12-26,On Hold,189335,28,10,103,9.71
1210,Project 210,2023-07-29,2023-12-27,In Progress,166030,17,46,70,65.71
1211,Project 211,2023-07-30,2023-12-28,On Hold,139391,18,73,52,140.38
1212,Project 212,2023-07-31,2023-12-29,On Hold,183315,14,50,65,76.92
1213,Project 213,2023-08-01,2023-12-30,Not Started,159205,9,52,74,70.27
1214,Project 214,2023-08-02,2023-12-31,Not Started,26604,24,33,78,42.31
1215,Project 215,2023-08-03,2024-01-01,In Progress,33999,14,97,107,90.65
1216,Project 216,2023-08-04,2024-01-02,Not Started,104893,25,10,110,9.09
1217,Project 217,2023-08-05,2024-01-03,Completed,59272,30,54,102,52.94
1218,Project 218,2023-08-06,2024-01-04,Not Started,30102,28,93,67,138.81
1219,Project 219,2023-08-07,2024-01-05,Not Started,158315,27,83,88,94.32
1220,Project 220,2023-08-08,2024-01-06,On Hold,162710,8,9,86,10.47
1221,Project 221,2023-08-09,2024-01-07,In Progress,137406,21,15,112,13.39
1222,Project 222,2023-08-10,2024-01-08,Not Started,149187,27,70,77,90.91
1223,Project 223,2023-08-11,2024-01-09,In Progress,138301,25,7,86,8.14
1224,Project 224,2023-08-12,2024-01-10,On Hold,47231,24,66,101,65.35
1225,Project 225,2023-08-13,2024-01-11,On Hold,56279,8,74,70,105.71
1226,Project 226,2023-08-14,2024-01-12,On Hold,40779,30,40,71,56.34
1227,Project 227,2023-08-15,2024-01-13,Completed,61070,22,75,118,63.56
1228,Project 228,2023-08-16,2024-01-14,Not Started,135597,24,84,98,85.71
1229,Project 229,2023-08-17,2024-01-15,Not Started,156282,14,37,73,50.68
1230,Project 230,2023-08-18,2024-01-16,Not Started,131771,23,27,91,29.67
1231,Project 231,2023-08-19,2024-01-17,Not Started,175588,6,84,119,70.59
1232,Project 232,2023-08-20,2024-01-18,On Hold,27284,11,22,108,20.37
1233,Project 233,2023-08-21,2024-01-19,On Hold,64854,12,70,61,114.75
1234,Project 234,2023-08-22,2024-01-20,Not Started,104221,20,88,87,101.15
1235,Project 235,2023-08-23,2024-01-21,Completed,193432,29,65,55,118.18
1236,Project 236,2023-08-24,2024-01-22,Completed,163100,15,34,119,28.57
1237,Project 237,2023-08-25,2024-01-23,Not Started,54913,25,96,107,89.72
1238,Project 238,2023-08-26,2024-01-24,Completed,71686,22,76,106,71.7
1239,Project 239,2023-08-27,2024-01-25,On Hold,117376,19,86,106,81.13
1240,Project 240,2023-08-28,2024-01-26,Not Started,129441,13,6,101,5.94
1241,Project 241,2023-08-29,2024-01-27,In Progress,93865,17,32,70,45.71
1242,Project 242,2023-08-30,2024-01-28,In Progress,34200,13,68,113,60.18
1243,Project 243,2023-08-31,2024-01-29,On Hold,190592,27,24,57,42.11
1244,Project 244,2023-09-01,2024-01-30,Not Started,47182,16,13,88,14.77
1245,Project 245,2023-09-02,2024-01-31,In Progress,84107,29,1,71,1.41
1246,Project 246,2023-09-03,2024-02-01,Not Started,99592,6,38,90,42.22
1247,Project 247,2023-09-04,2024-02-02,Completed,125882,19,77,69,111.59
1248,Project 248,2023-09-05,2024-02-03,Completed,194817,8,30,79,37.97
1249,Project 249,2023-09-06,2024-02-04,Completed,142107,5,46,116,39.66
1250,Project 250,2023-09-07,2024-02-05,On Hold,116809,10,28,112,25.0
1251,Project 251,2023-09-08,2024-02-06,Not Started,187878,20,23,51,45.1
1252,Project 252,2023-09-09,2024-02-07,Completed,113473,30,13,72,18.06
1253,Project 253,2023-09-10,2024-02-08,Not Started,137620,30,82,111,73.87
1254,Project 254,2023-09-11,2024-02-09,Not Started,44510,28,67,78,85.9
1255,Project 255,2023-09-12,2024-02-10,Completed,88364,9,93,92,101.09
1256,Project 256,2023-09-13,2024-02-11,On Hold,100964,12,31,81,38.27
1257,Project 257,2023-09-14,2024-02-12,On Hold,194762,28,6,105,5.71
1258,Project 258,2023-09-15,2024-02-13,In Progress,128928,11,70,64,109.38
1259,Project 259,2023-09-16,2024-02-14,In Progress,124227,18,26,118,22.03
1260,Project 260,2023-09-17,2024-02-15,Not Started,76648,28,65,115,56.52
1261,Project 261,2023-09-18,2024-02-16,Completed,125363,12,14,70,20.0
1262,Project 262,2023-09-19,2024-02-17,Not Started,103426,6,73,100,73.0
1263,Project 263,2023-09-20,2024-02-18,In Progress,179428,7,68,81,83.95
1264,Project 264,2023-09-21,2024-02-19,Completed,68759,16,93,103,90.29
1265,Project 265,2023-09-22,2024-02-20,On Hold,52287,14,43,89,48.31
1266,Project 266,2023-09-23,2024-02-21,Not Started,101679,13,71,54,131.48
1267,Project 267,2023-09-24,2024-02-22,In Progress,113713,30,97,60,161.67
1268,Project 268,2023-09-25,2024-02-23,On Hold,153572,5,100,100,100.0
1269,Project 269,2023-09-26,2024-02-24,In Progress,177691,6,80,61,131.15
1270,Project 270,2023-09-27,2024-02-25,Not Started,158869,27,53,92,57.61
1271,Project 271,2023-09-28,2024-02-26,On Hold,29102,9,89,100,89.0
1272,Project 272,2023-09-29,2024-02-27,Completed,71162,14,50,50,100.0
1273,Project 273,2023-09-30,2024-02-28,In Progress,190274,30,2,71,2.82
1274,Project 274,2023-10-01,2024-02-29,Not Started,128382,19,55,110,50.0
1275,Project 275,2023-10-02,2024-03-01,Completed,101567,10,77,81,95.06
1276,Project 276,2023-10-03,2024-03-02,Completed,48241,24,21,103,20.39
1277,Project 277,2023-10-04,2024-03-03,Not Started,151626,29,13,102,12.75
1278,Project 278,2023-10-05,2024-03-04,Not Started,184700,10,99,56,176.79
1279,Project 279,2023-10-06,2024-03-05,Completed,187150,16,52,110,47.27
1280,Project 280,2023-10-07,2024-03-06,In Progress,98413,19,91,96,94.79
1281,Project 281,2023-10-08,2024-03-07,Not Started,162652,17,51,117,43.59
1282,Project 282,2023-10-09,2024-03-08,On Hold,113739,19,30,60,50.0
1283,Project 283,2023-10-10,2024-03-09,Not Started,148815,10,92,57,161.4
1284,Project 284,2023-10-11,2024-03-10,Completed,158140,25,85,99,85.86
1285,Project 285,2023-10-12,2024-03-11,Not Started,174943,24,22,81,27.16
1286,Project 286,2023-10-13,2024-03-12,Not Started,67966,29,51,94,54.26
1287,Project 287,2023-10-14,2024-03-13,Not Started,35240,17,86,81,106.17
1288,Project 288,2023-10-15,2024-03-14,Not Started,152340,20,68,97,70.1
1289,Project 289,2023-10-16,2024-03-15,In Progress,144384,29,55,78,70.51
1290,Project 290,2023-10-17,2024-03-16,In Progress,129816,7,71,54,131.48
1291,Project 291,2023-10-18,2024-03-17,On Hold,88170,6,36,60,60.0
1292,Project 292,2023-10-19,2024-03-18,On Hold,106536,7,42,64,65.62
1293,Project 293,2023-10-20,2024-03-19,Not Started,158104,14,83,62,133.87
1294,Project 294,2023-10-21,2024-03-20,In Progress,35713,20,0,91,0.0
1295,Project 295,2023-10-22,2024-03-21,Not Started,194028,24,58,87,66.67
1296,Project 296,2023-10-23,2024-03-22,Completed,196836,19,83,86,96.51
1297,Project 297,2023-10-24,2024-03-23,In Progress,71768,30,23,114,20.18
1298,Project 298,2023-10-25,2024-03-24,On Hold,166636,6,40,90,44.44
1299,Project 299,2023-10-26,2024-03-25,Not Started,152709,17,87,84,103.57
1300,Project 300,2023-10-27,2024-03-26,Completed,137357,5,42,64,65.62
1301,Project 301,2023-10-28,2024-03-27,In Progress,192174,10,48,55,87.27
1302,Project 302,2023-10-29,2024-03-28,On Hold,74508,19,27,73,36.99
1303,Project 303,2023-10-30,2024-03-29,Completed,186623,10,97,61,159.02
1304,Project 304,2023-10-31,2024-03-30,Not Started,86671,16,84,71,118.31
1305,Project 305,2023-11-01,2024-03-31,Not Started,51971,15,51,79,64.56
1306,Project 306,2023-11-02,2024-04-01,In Progress,91065,22,13,89,14.61
1307,Project 307,2023-11-03,2024-04-02,In Progress,28675,27,22,70,31.43
1308,Project 308,2023-11-04,2024-04-03,Not Started,171325,20,21,65,32.31
1309,Project 309,2023-11-05,2024-04-04,In Progress,63977,12,95,58,163.79
1310,Project 310,2023-11-06,2024-04-05,On Hold,172463,7,32,84,38.1
1311,Project 311,2023-11-07,2024-04-06,Completed,170974,27,65,109,59.63
1312,Project 312,2023-11-08,2024-04-07,In Progress,30192,13,51,55,92.73
1313,Project 313,2023-11-09,2024-04-08,On Hold,67704,7,8,69,11.59
1314,Project 314,2023-11-10,2024-04-09,On Hold,87638,16,89,110,80.91
1315,Project 315,2023-11-11,2024-04-10,On Hold,161458,8,32,55,58.18
1316,Project 316,2023-11-12,2024-04-11,Completed,109393,5,25,61,40.98
1317,Project 317,2023-11-13,2024-04-12,In Progress,172153,11,28,56,50.0
1318,Project 318,2023-11-14,2024-04-13,On Hold,187492,30,44,50,88.0
1319,Project 319,2023-11-15,2024-04-14,Completed,114753,12,76,100,76.0
1320,Project 320,2023-11-16,2024-04-15,In Progress,54695,25,56,76,73.68
1321,Project 321,2023-11-17,2024-04-16,Completed,94720,11,3,79,3.8
1322,Project 322,2023-11-18,2024-04-17,On Hold,90390,22,1,88,1.14
1323,Project 323,2023-11-19,2024-04-18,On Hold,126883,13,57,110,51.82
1324,Project 324,2023-11-20,2024-04-19,Not Started,173724,30,47,91,51.65
1325,Project 325,2023-11-21,2024-04-20,Not Started,132995,6,86,76,113.16
1326,Project 326,2023-11-22,2024-04-21,Not Started,187148,13,24,78,30.77
1327,Project 327,2023-11-23,2024-04-22,On Hold,29584,5,78,87,89.66
1328,Project 328,2023-11-24,2024-04-23,Completed,155898,25,38,95,40.0
1329,Project 329,2023-11-25,2024-04-24,Completed,20426,16,78,63,123.81
1330,Project 330,2023-11-26,2024-04-25,Completed,127885,8,90,61,147.54
1331,Project 331,2023-11-27,2024-04-26,In Progress,34906,9,69,119,57.98
1332,Project 332,2023-11-28,2024-04-27,Completed,70691,18,57,110,51.82
1333,Project 333,2023-11-29,2024-04-28,In Progress,198262,10,64,55,116.36
1334,Project 334,2023-11-30,2024-04-29,In Progress,119761,24,97,54,179.63
1335,Project 335,2023-12-01,2024-04-30,Completed,81418,30,75,97,77.32
1336,Project 336,2023-12-02,2024-05-01,On Hold,104420,15,78,64,121.88
1337,Project 337,2023-12-03,2024-05-02,On Hold,88513,12,96,87,110.34
1338,Project 338,2023-12-04,2024-05-03,Completed,171266,26,18,60,30.0
1339,Project 339,2023-12-05,2024-05-04,Not Started,189940,22,90,116,77.59
1340,Project 340,2023-12-06,2024-05-05,Not Started,92150,12,64,68,94.12
1341,Project 341,2023-12-07,2024-05-06,Completed,117280,29,64,101,63.37
1342,Project 342,2023-12-08,2024-05-07,In Progress,97136,21,91,77,118.18
1343,Project 343,2023-12-09,2024-05-08,Completed,44819,26,59,78,75.64
1344,Project 344,2023-12-10,2024-05-09,On Hold,88655,11,6,89,6.74
1345,Project 345,2023-12-11,2024-05-10,Completed,67165,24,100,92,108.7
1346,Project 346,2023-12-12,2024-05-11,In Progress,52812,20,64,114,56.14
1347,Project 347,2023-12-13,2024-05-12,On Hold,188551,28,24,51,47.06
1348,Project 348,2023-12-14,2024-05-13,On Hold,22054,30,71,92,77.17
1349,Project 349,2023-12-15,2024-05-14,In Progress,53358,17,34,104,32.69
1350,Project 350,2023-12-16,2024-05-15,Completed,171086,29,31,98,31.63
1351,Project 351,2023-12-17,2024-05-16,Completed,64415,5,66,85,77.65
1352,Project 352,2023-12-18,2024-05-17,In Progress,173458,13,56,112,50.0
1353,Project 353,2023-12-19,2024-05-18,Completed,169172,19,74,109,67.89
1354,Project 354,2023-12-20,2024-05-19,Completed,78840,28,4,94,4.26
1355,Project 355,2023-12-21,2024-05-20,Not Started,73822,18,84,88,95.45
1356,Project 356,2023-12-22,2024-05-21,Not Started,125530,29,40,82,48.78
1357,Project 357,2023-12-23,2024-05-22,Completed,96967,21,6,106,5.66
1358,Project 358,2023-12-24,2024-05-23,In Progress,62394,30,76,103,73.79
1359,Project 359,2023-12-25,2024-05-24,Completed,124815,19,74,109,67.89
1360,Project 360,2023-12-26,2024-05-25,Not Started,46701,12,93,117,79.49
1361,Project 361,2023-12-27,2024-05-26,Not Started,27100,22,55,59,93.22
1362,Project 362,2023-12-28,2024-05-27,In Progress,122228,21,85,65,130.77
1363,Project 363,2023-12-29,2024-05-28,On Hold,154587,30,1,101,0.99
1364,Project 364,2023-12-30,2024-05-29,On Hold,121244,13,37,119,31.09
1365,Project 365,2023-12-31,2024-05-30,On Hold,175173,27,50,116,43.1
1366,Project 366,2024-01-01,2024-05-31,Completed,72390,11,52,50,104.0
1367,Project 367,2024-01-02,2024-06-01,On Hold,172435,11,47,67,70.15
1368,Project 368,2024-01-03,2024-06-02,Completed,69973,30,64,110,58.18
1369,Project 369,2024-01-04,2024-06-03,Not Started,71973,14,18,60,30.0
1370,Project 370,2024-01-05,2024-06-04,Not Started,194758,7,47,85,55.29
1371,Project 371,2024-01-06,2024-06-05,Not Started,86520,8,82,79,103.8
1372,Project 372,2024-01-07,2024-06-06,Completed,123290,13,81,58,139.66
1373,Project 373,2024-01-08,2024-06-07,In Progress,115329,18,80,106,75.47
1374,Project 374,2024-01-09,2024-06-08,In Progress,177921,29,19,53,35.85
1375,Project 375,2024-01-10,2024-06-09,Completed,146437,6,2,107,1.87
1376,Project 376,2024-01-11,2024-06-10,Not Started,74714,18,6,107,5.61
1377,Project 377,2024-01-12,2024-06-11,Completed,91910,5,64,64,100.0
1378,Project 378,2024-01-13,2024-06-12,In Progress,149600,5,25,72,34.72
1379,Project 379,2024-01-14,2024-06-13,On Hold,65897,30,73,75,97.33
1380,Project 380,2024-01-15,2024-06-14,Not Started,55232,26,88,51,172.55
1381,Project 381,2024-01-16,2024-06-15,Not Started,115493,8,21,58,36.21
1382,Project 382,2024-01-17,2024-06-16,Not Started,89690,23,89,68,130.88
1383,Project 383,2024-01-18,2024-06-17,Not Started,21570,6,88,89,98.88
1384,Project 384,2024-01-19,2024-06-18,In Progress,197372,22,7,93,7.53
1385,Project 385,2024-01-20,2024-06-19,In Progress,29156,19,70,99,70.71
1386,Project 386,2024-01-21,2024-06-20,On Hold,36123,29,54,69,78.26
1387,Project 387,2024-01-22,2024-06-21,Completed,87817,5,21,106,19.81
1388,Project 388,2024-01-23,2024-06-22,Not Started,139354,7,5,106,4.72
1389,Project 389,2024-01-24,2024-06-23,In Progress,23645,11,45,86,52.33
1390,Project 390,2024-01-25,2024-06-24,In Progress,164766,22,100,97,103.09
1391,Project 391,2024-01-26,2024-06-25,Not Started,128164,22,24,116,20.69
1392,Project 392,2024-01-27,2024-06-26,Not Started,175475,24,89,101,88.12
1393,Project 393,2024-01-28,2024-06-27,Completed,62998,11,68,109,62.39
1394,Project 394,2024-01-29,2024-06-28,On Hold,198738,8,39,79,49.37
1395,Project 395,2024-01-30,2024-06-29,Completed,140159,16,83,70,118.57
1396,Project 396,2024-01-31,2024-06-30,Not Started,148090,29,2,55,3.64
1397,Project 397,2024-02-01,2024-07-01,Completed,156831,15,85,62,137.1
1398,Project 398,2024-02-02,2024-07-02,Not Started,150961,25,92,79,116.46
1399,Project 399,2024-02-03,2024-07-03,Completed,126636,21,12,72,16.67
1400,Project 400,2024-02-04,2024-07-04,Not Started,38590,26,29,110,26.36
1401,Project 401,2024-02-05,2024-07-05,In Progress,110138,18,71,110,64.55
1402,Project 402,2024-02-06,2024-07-06,In Progress,133636,6,26,115,22.61
1403,Project 403,2024-02-07,2024-07-07,In Progress,145220,7,55,54,101.85
1404,Project 404,2024-02-08,2024-07-08,Completed,90624,30,25,88,28.41
1405,Project 405,2024-02-09,2024-07-09,Completed,167924,21,0,53,0.0
1406,Project 406,2024-02-10,2024-07-10,On Hold,32601,30,80,69,115.94
1407,Project 407,2024-02-11,2024-07-11,Completed,47809,23,93,70,132.86
1408,Project 408,2024-02-12,2024-07-12,On Hold,195420,25,47,86,54.65
1409,Project 409,2024-02-13,2024-07-13,Not Started,95660,22,44,58,75.86
1410,Project 410,2024-02-14,2024-07-14,In Progress,118766,6,16,78,20.51
1411,Project 411,2024-02-15,2024-07-15,On Hold,172731,15,61,82,74.39
1412,Project 412,2024-02-16,2024-07-16,In Progress,132956,27,65,53,122.64
1413,Project 413,2024-02-17,2024-07-17,Not Started,48927,6,4,89,4.49
1414,Project 414,2024-02-18,2024-07-18,Completed,33997,14,28,65,43.08
1415,Project 415,2024-02-19,2024-07-19,In Progress,181162,24,38,74,51.35
1416,Project 416,2024-02-20,2024-07-20,On Hold,28638,8,67,74,90.54
1417,Project 417,2024-02-21,2024-07-21,On Hold,192728,12,34,72,47.22
1418,Project 418,2024-02-22,2024-07-22,Not Started,83778,13,72,65,110.77
1419,Project 419,2024-02-23,2024-07-23,Not Started,63480,26,73,64,114.06
1420,Project 420,2024-02-24,2024-07-24,Not Started,32747,6,35,115,30.43
1421,Project 421,2024-02-25,2024-07-25,In Progress,37459,14,11,56,19.64
1422,Project 422,2024-02-26,2024-07-26,Not Started,158383,25,18,111,16.22
1423,Project 423,2024-02-27,2024-07-27,On Hold,179419,19,54,75,72.0
1424,Project 424,2024-02-28,2024-07-28,Completed,96660,24,75,58,129.31
1425,Project 425,2024-02-29,2024-07-29,Not Started,24981,16,30,66,45.45
1426,Project 426,2024-03-01,2024-07-30,In Progress,132592,7,61,62,98.39
1427,Project 427,2024-03-02,2024-07-31,On Hold,175593,10,99,119,83.19
1428,Project 428,2024-03-03,2024-08-01,Not Started,39039,14,10,67,14.93
1429,Project 429,2024-03-04,2024-08-02,On Hold,34702,30,47,83,56.63
1430,Project 430,2024-03-05,2024-08-03,In Progress,109334,29,65,84,77.38
1431,Project 431,2024-03-06,2024-08-04,In Progress,82201,22,4,107,3.74
1432,Project 432,2024-03-07,2024-08-05,In Progress,68623,25,54,59,91.53
1433,Project 433,2024-03-08,2024-08-06,On Hold,133648,24,87,107,81.31
1434,Project 434,2024-03-09,2024-08-07,On Hold,180171,14,87,57,152.63
1435,Project 435,2024-03-10,2024-08-08,Completed,135758,8,92,96,95.83
1436,Project 436,2024-03-11,2024-08-09,Not Started,21749,5,95,71,133.8
1437,Project 437,2024-03-12,2024-08-10,Completed,167265,22,2,80,2.5
1438,Project 438,2024-03-13,2024-08-11,In Progress,180479,14,49,109,44.95
1439,Project 439,2024-03-14,2024-08-12,In Progress,159278,14,99,83,119.28
1440,Project 440,2024-03-15,2024-08-13,On Hold,107207,20,17,69,24.64
1441,Project 441,2024-03-16,2024-08-14,In Progress,110727,29,29,104,27.88
1442,Project 442,2024-03-17,2024-08-15,Completed,135837,26,47,114,41.23
1443,Project 443,2024-03-18,2024-08-16,Not Started,122973,15,12,67,17.91
1444,Project 444,2024-03-19,2024-08-17,On Hold,99183,25,1,92,1.09
1445,Project 445,2024-03-20,2024-08-18,In Progress,77893,22,63,105,60.0
1446,Project 446,2024-03-21,2024-08-19,In Progress,103051,17,29,108,26.85
1447,Project 447,2024-03-22,2024-08-20,Completed,197427,26,61,53,115.09
1448,Project 448,2024-03-23,2024-08-21,Completed,107378,7,75,53,141.51
1449,Project 449,2024-03-24,2024-08-22,On Hold,144835,8,86,107,80.37
1450,Project 450,2024-03-25,2024-08-23,In Progress,91259,15,75,116,64.66
1451,Project 451,2024-03-26,2024-08-24,Not Started,159762,20,27,53,50.94
1452,Project 452,2024-03-27,2024-08-25,In Progress,83037,5,54,84,64.29
1453,Project 453,2024-03-28,2024-08-26,On Hold,118808,19,70,110,63.64
1454,Project 454,2024-03-29,2024-08-27,In Progress,23482,20,48,99,48.48
1455,Project 455,2024-03-30,2024-08-28,Not Started,178948,28,18,116,15.52
1456,Project 456,2024-03-31,2024-08-29,Not Started,151609,21,56,104,53.85
1457,Project 457,2024-04-01,2024-08-30,Completed,155097,6,49,87,56.32
1458,Project 458,2024-04-02,2024-08-31,Not Started,114224,24,84,103,81.55
1459,Project 459,2024-04-03,2024-09-01,Completed,25419,25,69,61,113.11
1460,Project 460,2024-04-04,2024-09-02,Completed,88545,25,60,59,101.69
1461,Project 461,2024-04-05,2024-09-03,Completed,71971,27,3,87,3.45
1462,Project 462,2024-04-06,2024-09-04,Not Started,154417,18,25,105,23.81
1463,Project 463,2024-04-07,2024-09-05,Not Started,48194,9,100,88,113.64
1464,Project 464,2024-04-08,2024-09-06,Completed,97950,22,50,70,71.43
1465,Project 465,2024-04-09,2024-09-07,Not Started,173281,30,36,111,32.43
1466,Project 466,2024-04-10,2024-09-08,In Progress,31520,27,56,89,62.92
1467,Project 467,2024-04-11,2024-09-09,In Progress,96484,12,38,51,74.51
1468,Project 468,2024-04-12,2024-09-10,Not Started,123495,17,90,70,128.57
1469,Project 469,2024-04-13,2024-09-11,On Hold,61075,8,20,109,18.35
1470,Project 470,2024-04-14,2024-09-12,Completed,162042,7,3,103,2.91
1471,Project 471,2024-04-15,2024-09-13,Not Started,192858,9,86,117,73.5
1472,Project 472,2024-04-16,2024-09-14,On Hold,22059,18,3,59,5.08
1473,Project 473,2024-04-17,2024-09-15,In Progress,186526,8,53,56,94.64
1474,Project 474,2024-04-18,2024-09-16,Not Started,72453,6,97,76,127.63
1475,Project 475,2024-04-19,2024-09-17,Completed,163129,17,42,66,63.64
1476,Project 476,2024-04-20,2024-09-18,On Hold,94801,5,4,83,4.82
1477,Project 477,2024-04-21,2024-09-19,Not Started,64934,21,58,118,49.15
1478,Project 478,2024-04-22,2024-09-20,On Hold,28199,13,87,55,158.18
1479,Project 479,2024-04-23,2024-09-21,On Hold,26570,26,34,53,64.15
1480,Project 480,2024-04-24,2024-09-22,In Progress,75817,9,55,119,46.22
1481,Project 481,2024-04-25,2024-09-23,On Hold,183426,19,58,59,98.31
1482,Project 482,2024-04-26,2024-09-24,Completed,128480,20,85,118,72.03
1483,Project 483,2024-04-27,2024-09-25,Completed,140634,11,80,102,78.43
1484,Project 484,2024-04-28,2024-09-26,On Hold,44331,7,59,115,51.3
1485,Project 485,2024-04-29,2024-09-27,In Progress,27584,15,51,114,44.74
1486,Project 486,2024-04-30,2024-09-28,On Hold,36372,15,5,102,4.9
1487,Project 487,2024-05-01,2024-09-29,In Progress,124715,24,74,71,104.23
1488,Project 488,2024-05-02,2024-09-30,Not Started,140004,6,26,117,22.22
1489,Project 489,2024-05-03,2024-10-01,Not Started,27061,28,50,110,45.45
1490,Project 490,2024-05-04,2024-10-02,On Hold,86271,13,54,62,87.1
1491,Project 491,2024-05-05,2024-10-03,Completed,118192,23,28,115,24.35
1492,Project 492,2024-05-06,2024-10-04,Completed,149453,5,67,89,75.28
1493,Project 493,2024-05-07,2024-10-05,In Progress,64229,17,51,63,80.95
1494,Project 494,2024-05-08,2024-10-06,Completed,128667,22,53,110,48.18
1495,Project 495,2024-05-09,2024-10-07,Completed,151309,27,63,84,75.0
1496,Project 496,2024-05-10,2024-10-08,On Hold,109873,22,61,86,70.93
1497,Project 497,2024-05-11,2024-10-09,Completed,115454,29,41,51,80.39
1498,Project 498,2024-05-12,2024-10-10,Not Started,117234,10,5,120,4.17
1499,Project 499,2024-05-13,2024-10-11,Not Started,113455,11,79,54,146.3
1500,Project 500,2024-05-14,2024-10-12,On Hold,51267,6,91,120,75.83
